"Xloc","Yloc","long","lat","Landuse","Rock","Cd","Co","Cr","Cu","Ni","Pb","Zn"
2.386,3.077,6.85041335871979,47.1390734512343,"Meadow","Sequanian",1.74,9.32,38.32,25.72,21.32,77.36,92.56
2.544,1.972,6.85267422977897,47.1291761252085,"Pasture","Kimmeridgian",1.335,10,40.2,24.76,29.72,77.88,73.56
2.807,3.347,6.85588566129028,47.1415356763132,"Pasture","Sequanian",1.61,10.6,47,8.88,21.4,30.8,64.8
4.308,1.933,6.8757993322966,47.1289924172863,"Meadow","Kimmeridgian",2.15,11.92,43.52,22.7,29.72,56.4,90
4.383,1.081,6.87692510114699,47.1213564384817,"Meadow","Quaternary",1.565,16.32,38.52,34.32,26.2,66.4,88.4
3.244,4.519,6.86141460582716,47.1520905570117,"Meadow","Quaternary",1.145,3.508,40.4,31.28,22.04,72.4,75.2
3.925,3.785,6.87046734959246,47.1455702024545,"Meadow","Quaternary",0.894,15.08,30.52,27.44,21.76,60,72.4
2.116,3.498,6.8468014416787,47.1428241251866,"Meadow","Argovian",0.525,4.2,25.4,66.12,9.72,141,72.08
1.842,0.989,6.84364431587342,47.1202906736399,"Meadow","Argovian",0.24,4.52,27.96,22.32,11.32,52.4,56.4
1.709,1.843,6.84175336056457,47.1279386593686,"Meadow","Sequanian",0.625,12.08,33.32,18.72,16.88,41.6,75.6
3.8,4.578,6.86869454473813,47.1526721325102,"Meadow","Argovian",3.873,9.84,46,22.24,21.64,46,143.2
2.699,1.199,6.85483807489081,47.1222566733352,"Forest","Argovian",1.425,7.56,40.8,8.76,15.72,56.4,66.8
3.033,4.384,6.85867116885144,47.1508595644986,"Meadow","Quaternary",0.455,2.368,19.24,21.36,7.08,38.36,37.88
4.232,1.588,6.87486125788065,47.1258905053983,"Forest","Kimmeridgian",1.025,8.84,28.32,5.88,17.4,52.8,47.6
4.75,1.369,6.88168616784748,47.1239739052521,"Meadow","Kimmeridgian",0.775,11.96,35.6,17.6,23.76,32.92,70.8
2.341,4.135,6.84964124202786,47.1485599373734,"Meadow","Argovian",0.62,5.32,31,18.52,10.8,42,46.8
2.827,3.667,6.85609305692397,47.1444081448237,"Meadow","Quaternary",0.4,4.68,20.52,3.96,6.68,21.48,25.2
3.043,4.692,6.85874968211913,47.1536234276422,"Meadow","Argovian",0.625,3.536,25.2,8.24,11.32,29.92,31.32
1.687,1.174,6.84158116340235,47.1219352430421,"Meadow","Argovian",0.355,3.64,18.4,21.56,6.64,46.8,39.56
2.235,2.386,6.84855318784312,47.1328603432617,"Meadow","Quaternary",1.585,12.44,40.56,40.88,25.08,88.68,114.28
3.122,1.695,6.86029655415232,47.126746233254,"Meadow","Kimmeridgian",1.885,12.92,44,35.92,34.72,72.88,120.28
2.219,2.774,6.84827656438306,47.1363393710288,"Pasture","Kimmeridgian",1.3,13.04,32.48,8.8,31.52,56.52,71.76
3.185,2.092,6.86105456611725,47.1303135031599,"Meadow","Kimmeridgian",1.575,11.2,35.72,22.12,35,43.68,90.68
3.514,5.119,6.86485282103646,47.1574983236703,"Pasture","Argovian",4.191,9.28,52,15.48,21.76,33.36,145.6
4.459,2.624,6.87766253264014,47.135205089367,"Forest","Kimmeridgian",1.485,6.84,19,11.16,15.84,34.64,82.8
4.339,1.473,6.87628277928075,47.1248688277585,"Meadow","Quaternary",0.915,10.8,32.72,39.8,18.6,64.8,86
4.92,1.417,6.88390594202756,47.1244201455989,"Meadow","Kimmeridgian",0.705,8.56,30.28,15.76,21.96,39.52,66.4
3.648,3.78,6.86683679345786,47.1454993998992,"Meadow","Kimmeridgian",0.62,14.16,28.56,48.8,24.44,63.2,78
2.916,4.916,6.85704617584538,47.1556207655623,"Forest","Argovian",0.885,6.28,27.92,4.52,13.88,37.16,46.8
3.127,1.691,6.86036276151864,47.1267108241768,"Meadow","Kimmeridgian",1.96,13.4,45.2,47.12,35.12,93.92,123.84
3.441,4.719,6.86396356222389,47.1539032478384,"Pasture","Quaternary",3.155,9.28,62.4,48.8,24.28,55.6,151.6
3.336,4.613,6.86260485799486,47.1529424731583,"Meadow","Quaternary",1.28,5.92,38.52,24.96,23.28,49.2,81.6
3.649,2.674,6.86703721858841,47.1355780764977,"Forest","Kimmeridgian",1.785,7.44,23.72,9.652,17.72,58.4,58
3.875,4.924,6.86961944993598,47.1557829523271,"Meadow","Quaternary",1.895,11.48,52,25.28,26.72,35.6,141.6
2.612,4.114,6.85319778417271,47.1483974774061,"Meadow","Argovian",0.57,4.88,27.32,33.8,7.44,58.4,47.6
2.34,4.141,6.84962709781227,47.1486136645061,"Meadow","Argovian",0.54,5.48,35.72,17.4,10.6,36.88,53.2
3.811,1.318,6.86938968212422,47.1234291752336,"Meadow","Kimmeridgian",0.75,12.6,36.2,16.4,26.6,39.8,80.8
3.661,3.788,6.86700586515138,47.1455723845674,"Meadow","Kimmeridgian",0.875,14.64,28.88,65.2,20.8,69.6,76.4
4.34,3.736,6.87591613181652,47.1451693091191,"Pasture","Sequanian",2.818,11.24,35.04,29.12,21.96,46,80.8
2.972,0.988,6.8584514994703,47.1203898334667,"Pasture","Sequanian",3.805,9.16,67.04,112.04,28.88,229.56,219.32
2.286,3.068,6.84910409636912,47.1389831328398,"Meadow","Sequanian",0.605,9.68,27.32,28.8,12.8,56.6,67.16
1.813,2.116,6.84306900397261,47.1303976675033,"Meadow","Sequanian",1.003,11.32,33.48,21.2,20.56,48.8,110
3.379,4.308,6.86322051319033,47.1502105238205,"Meadow","Quaternary",1.9,8.52,46.4,10.28,24.8,36.44,83.6
1.965,2.807,6.84494155987535,47.1366109641639,"Meadow","Sequanian",0.895,12.6,41.6,60.72,24.16,89.68,102.44
3.559,4.009,6.865631188566,47.147545288216,"Pasture","Sequanian",4.02,6.16,60.8,21.08,21.96,52,101.6
2.267,4.189,6.84866175552931,47.1490372470884,"Meadow","Argovian",0.56,6.64,35.12,12.72,11.12,39.64,57.2
2.965,1.002,6.85835738410833,47.1205147574705,"Pasture","Sequanian",1.39,10.36,45.6,57.2,24.6,129.2,149.2
3.12,1.469,6.86030886137551,47.1247186972306,"Forest","Sequanian",1.91,2.12,31.12,11.6,8,69.16,50.4
3.454,4.654,6.86414505743368,47.1533213894857,"Pasture","Quaternary",1.07,7.8,38.24,10.88,19.92,29.88,70.8
1.071,1.567,6.83344041210102,47.1254007649914,"Pasture","Sequanian",0.795,9.96,29.08,9.92,15.28,37.48,65.6
3.573,3.542,6.86589391700732,47.1433573677979,"Meadow","Quaternary",0.55,9.56,26.6,50.4,16,77.2,76
3.331,4.609,6.86253998076841,47.1529061192516,"Meadow","Quaternary",1.255,7,42.8,49.6,25.44,80.4,101.6
3.541,1.739,6.86578015126116,47.1271804591866,"Tillage","Sequanian",2.055,6.32,29.8,10.8,20.8,43.6,59.36
3.303,3.963,6.86228279618624,47.14710852455,"Meadow","Sequanian",1.22,11,34.04,51.6,20.32,80.8,90
3.316,2.987,6.8626192541762,47.1383545154979,"Meadow","Quaternary",0.975,14.6,33,30.1,23.6,48.8,83.2
1.879,1.171,6.84409763700116,47.1219268837976,"Meadow","Argovian",0.465,4,24.64,23.32,9.16,54.8,44.4
1.122,2.267,6.83398636700076,47.1316851065735,"Meadow","Kimmeridgian",1.145,11.08,37.08,14.8,31.56,47.6,74.4
4.423,1.078,6.87744975759029,47.1213332350423,"Meadow","Quaternary",1.525,16.92,38.6,22,26.8,46.8,87.6
1.241,1.155,6.83574013437296,47.1217214946017,"Forest","Argovian",1.455,4.52,20.2,7.28,12.68,36.52,39.6
1.706,1.848,6.84171317661952,47.1279832217515,"Meadow","Sequanian",1.12,11.92,34.84,20.72,19.96,41.2,83.2
3.26,5.42,6.8614709313247,47.1601744886572,"Meadow","Kimmeridgian",1.819,11.72,38.04,17.6,28.6,35.8,82.4
4.081,0.897,6.87299870696247,47.1196777746601,"Meadow","Quaternary",0.495,11.2,22.4,14.32,10.92,32.76,50.4
3.077,2.926,6.85949685445996,47.1377847157121,"Pasture","Kimmeridgian",2.12,10.12,35.32,12.32,21.52,42.4,64.8
3.406,4.741,6.86350090977011,47.1540973004844,"Pasture","Quaternary",2.15,7.32,48,28.96,19.72,42.8,120.8
3.699,3.8,6.86750200461755,47.1456835968997,"Meadow","Kimmeridgian",0.65,11.6,27.44,35.56,19.28,80.8,74
1.619,2.883,6.8403931504057,47.1372592833777,"Meadow","Sequanian",0.84,6.8,30.56,22.84,16.08,50.4,58.8
3.196,1.814,6.86124607164567,47.1278207287134,"Forest","Kimmeridgian",3.925,12.92,25.6,47.4,26.12,84.16,92.36
3.447,4.733,6.86403985450773,47.1540294002157,"Pasture","Quaternary",1.98,8.4,40.8,27.12,17.68,39.92,108
3.009,4.738,6.85829602440423,47.1540328461526,"Meadow","Argovian",0.45,3.536,25.64,12.44,10,34,39.4
3.452,4.736,6.86410490399823,47.1540567827588,"Pasture","Quaternary",2.96,7.2,45.2,38.96,15,70.4,148.4
2.908,1.263,6.8575658812468,47.1228506656986,"Meadow","Argovian",1.685,9.84,31.28,9.4,14.72,34.56,84.32
4.578,1.512,6.87940828300503,47.1252408200977,"Meadow","Kimmeridgian",1.305,13.52,45.52,17.5,27.2,38.96,77.6
3.512,5.124,6.8648257468185,47.1575429879422,"Pasture","Argovian",4.227,9.64,48.4,16.88,22.92,34.64,136.8
3.312,2.991,6.86256614188499,47.1383900201573,"Meadow","Quaternary",0.98,12.52,32.6,22.7,19.4,41.6,72.8
2.159,2.041,6.8476166251798,47.1297582118693,"Meadow","Kimmeridgian",1.57,10.44,37.72,17.44,28.32,49.6,81.6
4.742,1.381,6.88157932961519,47.1240808147892,"Meadow","Kimmeridgian",0.86,11.88,32.72,15.12,23.48,32.84,63.6
3.592,4.027,6.86606077492911,47.1477098597062,"Pasture","Sequanian",2.17,10.84,55.2,12.52,29.48,37.68,74.4
3.152,3.272,6.86042096745631,47.1408956203843,"Meadow","Kimmeridgian",1.56,12.8,42.6,34,23.52,76.4,94
4.781,1.375,6.8820914065497,47.1240305861688,"Meadow","Kimmeridgian",0.81,10.88,27.44,12.08,20.84,36.28,58.8
2.319,2.405,6.84965087088351,47.1330388399572,"Meadow","Quaternary",1.71,12.84,43.4,56.24,26.96,104.68,125.4
3.617,2.084,6.86671772183414,47.1302824442822,"Meadow","Kimmeridgian",0.845,12.8,33.72,27.92,26.2,78.8,79.6
2.278,0.929,6.84936779179053,47.1197943875404,"Meadow","Argovian",0.357,4.08,19.36,13.24,6.56,35.4,46.8
3.792,2.695,6.86890801508429,47.1357798657067,"Forest","Kimmeridgian",1.535,6.76,20.32,5.88,13.4,55.2,52.4
4.113,2.7,6.87311463947357,47.1358547040429,"Forest","Kimmeridgian",1.285,1.552,8.72,13.64,7.16,84.4,65.2
3.043,4.698,6.85874865744549,47.1536772506438,"Meadow","Argovian",1.82,3.924,27.36,7.6,10.44,27.04,39.8
3.271,2.16,6.86217011428209,47.1309316264791,"Meadow","Quaternary",0.945,13.32,37.8,37.4,32.6,59.04,104.36
1.433,1.525,6.8381916510588,47.1250592719306,"Meadow","Quaternary",1.605,7.36,67.6,13.48,16.2,49.6,75.2
3.184,2.098,6.86104043818615,47.1303672319251,"Meadow","Kimmeridgian",2.23,11.92,37.8,24.6,37.72,44.88,96.6
3.675,4.293,6.86710387900964,47.1501038137348,"Pasture","Sequanian",0.89,8.6,37.68,4.4,22.96,26.76,66
3.681,5.69,6.86694590228757,47.1626361748436,"Pasture","Kimmeridgian",1.898,12.64,54,15.16,28.36,59.2,86
2.461,3.423,6.85133696573647,47.1421844279959,"Tillage","Quaternary",0.37,3.14,22.6,15.72,6.08,29.36,47.2
4.576,1.411,6.87939896327339,47.1243346055021,"Meadow","Kimmeridgian",1.38,11.28,37.6,15.64,25.76,34.44,71.6
2.223,0.58,6.84870725560052,47.1166583867381,"Meadow","Kimmeridgian",0.285,9.6,38,14.16,24.52,44,76
3.031,1.201,6.85918827292399,47.1223061578024,"Meadow","Sequanian",0.61,6.44,21.84,16.4,10.36,52.56,51.24
3.347,2.505,6.8631075412775,47.1340336383552,"Forest","Kimmeridgian",0.625,6.96,33.2,5.36,19.2,41.2,43.6
2.465,4.003,6.85128964532466,47.1473877052044,"Meadow","Argovian",0.325,3.192,21.4,9.72,4.72,24.64,35.08
3.175,2.102,6.86092180261631,47.1304022631189,"Meadow","Kimmeridgian",1.985,12.2,38.4,18.92,37.2,42.68,89.84
3.733,0.974,6.86842570051673,47.1203359902615,"Meadow","Kimmeridgian",0.95,8.92,40.8,15.4,26.52,36.6,74
3.085,1.677,6.85981473343551,47.1265812606719,"Meadow","Kimmeridgian",2.04,11.8,40.4,26.2,29.8,63.92,107.2
2.595,3.638,6.85305664410277,47.1441258931387,"Meadow","Quaternary",0.325,3.712,14.52,17.52,4.76,44.4,40.8
4.279,3.283,6.8751925430493,47.1410999846283,"Meadow","Kimmeridgian",0.83,13.36,33.6,19.2,24.64,36.36,84.4
2.933,0.978,6.8579421681409,47.1202964276519,"Pasture","Sequanian",0.8,12.4,31.44,166.4,16,146.8,100.4
3.59,4.033,6.86603353713626,47.1477634948898,"Pasture","Sequanian",2.08,7.92,56.4,11.52,24.84,37.56,79.6
2.883,1.237,6.85724272110642,47.122615056933,"Meadow","Argovian",2.55,8.52,31.24,12.12,16.12,36.56,96.96
2.429,1.62,6.85122760312259,47.1260075009605,"Meadow","Sequanian",2.535,11.84,52.4,31.96,26.64,77.6,126.8
2.333,2.417,6.84983229759769,47.1331478280679,"Meadow","Quaternary",1.435,9.12,37.44,53.2,21.32,107.6,110.32
0.626,1.652,6.82759384739021,47.1261196343189,"Forest","Kimmeridgian",0.375,7.28,33.32,4.2,14.4,37.12,46.4
2.969,0.778,6.85844804057565,47.1185057290331,"Pasture","Kimmeridgian",1.93,12.44,43.04,77.32,33.76,157.28,166.28
0.971,1.576,6.8321283602458,47.125471722272,"Meadow","Sequanian",1.215,10.08,29.28,9.8,15.2,35.64,64
1.392,1.846,6.83759843031631,47.1279348258186,"Meadow","Sequanian",1.05,10.6,39.24,7.44,20,37.68,48.4
2.54,3.32,6.8523902653655,47.1412680171164,"Meadow","Sequanian",1.26,9.76,45.32,17.2,17.6,53.6,62.8
1.738,1.771,6.84214590757829,47.1272955863718,"Meadow","Sequanian",0.685,11.92,33.64,19.64,16.24,41.6,76
2.243,3.031,6.84854682794024,47.1386470981392,"Meadow","Sequanian",0.705,11.8,29.92,19.2,14.6,34,59.88
3.656,2.63,6.86713641961602,47.1351840292778,"Forest","Kimmeridgian",1.385,2.072,9.72,9.232,5.36,80.4,49.2
2.325,4.143,6.84943009605847,47.1486301675486,"Meadow","Argovian",0.505,5.48,34,14,10.92,33.24,54.4
4.55,1.416,6.87905740785254,47.1243770540901,"Meadow","Kimmeridgian",1.74,12.4,44.32,18.1,27.72,41.6,73.6
4.325,1.436,6.87610552119708,47.1245356165548,"Meadow","Quaternary",0.56,11.6,26.92,19.4,13.72,36.76,57.2
3.669,4.291,6.86702555254837,47.1500853095169,"Pasture","Sequanian",1.917,8.44,33.48,8.4,18.72,35.12,59.6
1.877,1.186,6.84406883207572,47.1220612489902,"Meadow","Argovian",0.32,3.8,18.2,26.16,6.44,45.2,39.88
3.044,1.123,6.85937193031932,47.121607685341,"Meadow","Sequanian",0.63,12,31.28,18.04,18.68,38.24,80.76
3.001,2.581,6.85855957109578,47.1346826770714,"Pasture","Kimmeridgian",4.18,9.6,45.32,8.2,22.2,42.04,81.72
3.136,2.091,6.86041254209351,47.1302998979175,"Meadow","Kimmeridgian",1.11,14.2,34.8,17.92,30.32,38.72,79
2.633,3.65,6.85355274114234,47.1442371657291,"Meadow","Quaternary",0.425,3.092,22.12,16.2,5.04,50.4,61.6
3.721,4.239,6.8677161193286,47.1496237214767,"Meadow","Sequanian",0.28,8,25.96,18,12.28,41.2,46.4
2.333,2.367,6.84984090794178,47.1326993015478,"Meadow","Quaternary",1.39,12.36,42.12,59.16,28.2,101.92,135.88
4.038,2.354,6.87218987549347,47.1327438978467,"Forest","Portlandian",2.805,12.2,39.2,10.5,32.92,44,65.6
3.117,1.702,6.86022983536411,47.1268085539684,"Meadow","Kimmeridgian",1.71,14.12,42.8,30,35,58.6,106.36
1.824,0.999,6.84340671999887,47.1203786412296,"Meadow","Argovian",0.165,3.752,18.6,23.64,7.08,56.4,44
2.85,1.89,6.8566986069566,47.1284696946941,"Forest","Kimmeridgian",1.36,2.816,10.76,8.68,7.08,53.6,28.88
2.502,3.988,6.85177730080343,47.1472566861475,"Meadow","Argovian",0.24,3.76,18.92,20.72,5.2,22.36,32.24
1.443,1.509,6.83832548366375,47.1249167149578,"Meadow","Quaternary",1.445,7.76,61.2,15.4,20.68,50.8,75.6
2.008,1.35,6.84575710276351,47.1235450453185,"Meadow","Argovian",0.515,5,32.56,16.04,8.96,35.04,50.4
2.978,4.009,6.85801414666161,47.1474904063834,"Meadow","Quaternary",0.56,6.52,24.4,8.352,12.4,25.4,49.2
1.662,1.425,6.84120998734512,47.1241844282751,"Meadow","Sequanian",0.905,11.24,37.4,44.4,16.56,82,78.4
1.587,1.08,6.84028710586281,47.1210823278081,"Meadow","Argovian",0.605,5.16,29.28,26.24,11.44,54,54
3.994,3.814,6.87136703300482,47.1458367941953,"Meadow","Quaternary",2.423,14.48,45.6,32.52,28.32,80.4,84
4.383,2.279,6.87672424130131,47.1321031971196,"Forest","Kimmeridgian",0.785,7.84,35.92,6.72,22.72,43.6,60.8
2.901,4.919,6.85684897946617,47.1556462517875,"Forest","Argovian",0.81,4.64,28.6,5.48,14.92,28.8,42
4.156,1.242,6.87392346034181,47.1227796130673,"Pasture","Portlandian",1.1,7.84,32.2,5.72,17.92,32.48,44
4.475,3.526,6.87772112827474,47.1432980155769,"Tillage","Kimmeridgian",0.951,15.28,29.24,38.96,20.36,78.8,70.8
2.58,3.654,6.85285725562259,47.1442679892376,"Meadow","Quaternary",0.275,3.552,16.2,7.48,4.64,20.2,33.44
0.701,1.997,6.82851607984832,47.1292218331456,"Forest","Sequanian",1.58,12.6,60.8,9.84,32.2,64.8,86
3.649,3.887,6.86683177767562,47.1464593403363,"Meadow","Kimmeridgian",1.06,11.48,41.6,26.44,29.24,51.2,80.8
2.623,0.853,6.85390150494787,47.1191456150987,"Meadow","Sequanian",2.58,11.64,45.2,29.24,27.36,59.2,106.4
1.315,1.975,6.83656681619138,47.1290845320905,"Pasture","Sequanian",3.68,11.12,52,14.44,28.72,56.4,89.6
3.656,2.67,6.86712964702689,47.1355428513225,"Forest","Kimmeridgian",1.875,11.12,36.12,9.52,25.4,70,65.2
4.426,0.821,6.87753212357542,47.1190280694968,"Pasture","Kimmeridgian",0.805,13,48.32,8.76,26,27.2,61.6
2.882,3.693,6.8568096290632,47.144646607301,"Meadow","Quaternary",0.535,4.6,20.8,8.76,5.4,27.04,32.92
1.108,1.535,6.83393088332277,47.1251173221298,"Pasture","Sequanian",2.055,8.08,50.4,60,23.16,195.6,108
4.84,1.089,6.88291222986192,47.1214704287184,"Pasture","Kimmeridgian",0.555,10.28,27.64,10.8,19.6,36.52,64.8
1.468,2.192,6.83853420614369,47.1310460106606,"Pasture","Sequanian",1.51,10.92,57.6,10.88,30.68,44.4,80.4
2.319,4.103,6.84935832670542,47.1482707723847,"Meadow","Argovian",0.58,5.48,36,20.52,10.92,34.88,50.4
3.585,4.04,6.86596679881585,47.1478258186317,"Pasture","Sequanian",1.97,8,51.2,24.64,25.76,66,99.2
3.647,3.786,6.86682266732307,47.145553129186,"Meadow","Kimmeridgian",0.765,13.84,29.72,42,20.96,70.8,90.8
2.31,2.732,6.84947657945482,47.135971339456,"Pasture","Kimmeridgian",0.735,12.72,39,17.68,23.24,39.2,79.04
3.962,2.009,6.87125194456427,47.129641959163,"Meadow","Kimmeridgian",1.445,12.4,43.52,42.92,34.4,78.4,104.4
3.47,5.555,6.86420179697911,47.1614053174308,"Pasture","Kimmeridgian",2.234,13.48,45.2,12.52,29.68,48.4,64
1.839,0.995,6.84360396603473,47.1203442073088,"Meadow","Argovian",0.225,4.24,24.88,27.72,10.12,55.6,56
1.706,1.165,6.84183169957793,47.1218563465436,"Meadow","Argovian",0.74,4.36,20.4,25.52,8.68,60.8,62.4
2.774,1.544,6.85576182012414,47.1253586560286,"Pasture","Sequanian",1.915,8.44,42.32,19.32,20.64,45.72,90.24
3.493,5.092,6.86458203973463,47.1572541433958,"Pasture","Argovian",3.421,9.8,52.4,14.8,20.44,34.32,134.4
1.695,3.227,6.84132959915425,47.1403524977519,"Forest","Argovian",1.835,5.88,35.08,10.88,21.44,56.68,97.48
4.409,1.084,6.87726529840616,47.121385760963,"Meadow","Quaternary",1.77,17.32,37.72,18.92,27,48.8,89.2
2.596,3.212,6.85314289281631,47.1403045487997,"Pasture","Sequanian",3.995,8.64,49.72,15.92,22,45.16,118.24
1.897,1.22,6.84432502600904,47.1223681769258,"Meadow","Argovian",0.26,3.48,16.24,9.24,4.76,27,27.2
2.083,1.695,6.84668034381256,47.1266471000958,"Forest","Kimmeridgian",0.44,6,29.28,11.28,16.68,56.4,54.8
3.673,4.278,6.86708019782485,47.1499690682106,"Pasture","Sequanian",1.015,9.28,44,7.36,19.28,34,70.4
2.731,3.002,6.85494852161099,47.1384336109236,"Forest","Kimmeridgian",0.485,9,27.32,6.6,20.92,32.44,57.96
4.264,3.391,6.87497776700025,47.1420674097906,"Meadow","Kimmeridgian",2.828,11.16,32.64,79.2,24.96,135.2,132.8
3.792,2.707,6.8689059868589,47.1358875123398,"Forest","Kimmeridgian",1.38,8.16,26.92,6.44,17.12,45.6,55.2
3.39,1.048,6.86391860969472,47.1209675830985,"Pasture","Kimmeridgian",1.66,10.12,42.92,24.6,29.32,57.28,123.32
3.184,5.075,6.86053314112383,47.1570724824336,"Meadow","Sequanian",0.685,7.08,33.76,11.36,16.32,23.68,53.6
3.644,2.677,6.8669711740089,47.1356045187987,"Forest","Kimmeridgian",0.93,9.56,37.4,6.772,23.12,51.2,56.4
3.504,5.13,6.8647198265611,47.1575960579532,"Pasture","Argovian",5.129,8.6,39.24,14.76,18.28,36.8,135.6
2.242,3.036,6.84853285769099,47.1386918547454,"Meadow","Sequanian",0.725,10.32,26.32,17,12.72,34.08,56.72
3.332,4.628,6.86254985967458,47.1530766532689,"Pasture","Quaternary",0.74,4.52,35.92,96,17.2,59.2,83.2
3.498,3.196,6.86496944323813,47.1402465089237,"Pasture","Kimmeridgian",0.99,15.12,32.8,14.5,22.92,36.24,65.6
1.883,1.176,6.84414918708205,47.1219721224414,"Meadow","Argovian",0.195,3.92,21.8,25.12,7.52,49.6,43.2
3.322,3.001,6.86269552111858,47.1384806692273,"Meadow","Quaternary",1.34,14.32,35,25.3,23.12,44.4,81.2
1.047,1.922,6.83306377495555,47.128582953413,"Pasture","Sequanian",1.24,14.2,43.6,18.32,22.52,52,83.2
3.843,3.121,6.86950453140601,47.1396060942823,"Meadow","Quaternary",1.84,10.8,39.52,33.32,35.28,44.4,86
1.301,0.599,6.83662332448515,47.1167397187597,"Tillage","Sequanian",0.91,13.24,32.84,21.2,18,64.8,75.2
1.106,1.548,6.83390240085876,47.1252337436294,"Pasture","Sequanian",1.27,9.16,52.8,19.12,19.44,65.2,65.2
1.114,1.535,6.83400951145666,47.1251179079621,"Pasture","Sequanian",1.48,9.12,58.8,106.8,26.16,226.4,140.4
1.511,0.734,6.83935140232099,47.1179711501744,"Pasture","Argovian",1.245,7.84,47.2,22.64,21.96,64.4,71.2
1.317,1.501,6.83667569352567,47.1248326989969,"Meadow","Quaternary",1.385,6.44,42.8,120.8,19.64,66.4,94.8
1.439,1.523,6.83827062739476,47.1250419137883,"Meadow","Quaternary",1.72,7.24,54.8,16.4,16.52,52.4,75.6
1.651,1.157,6.84111237395957,47.1217792591548,"Tillage","Argovian",0.525,3.88,20.84,26.28,8.36,46.4,49.6
1.701,1.169,6.84176548595866,47.1218917449789,"Meadow","Argovian",0.69,4.24,23.48,17.04,9.04,52.4,45.6
1.857,0.659,6.84389801205815,47.1173318398864,"Pasture","Sequanian",3.53,10.08,52.8,66,24.44,118,124.8
1.346,1.954,6.8369767531956,47.1288991680873,"Pasture","Sequanian",0.93,10.56,39.04,9,20.24,38.12,69.2
1.354,1.966,6.83707950617109,47.1290075926366,"Pasture","Sequanian",1.165,10.72,43.6,8.64,24,38.32,59.6
1.35,1.97,6.83702638621482,47.1290430855651,"Pasture","Sequanian",3.81,10.12,60.8,17.92,27.08,64.8,102
1.932,1.004,6.84482103817839,47.1204339139829,"Meadow","Argovian",0.135,4.52,15.08,10.44,5.24,37,32.56
1.837,1.037,6.84357048386121,47.120720777175,"Meadow","Argovian",0.215,3.88,23,23.44,8.16,46.8,44
1.69,1.858,6.84150175426541,47.1280713787535,"Meadow","Sequanian",1.775,12.96,38.72,29.76,22.36,54.8,91.6
1.72,1.833,6.84189925511624,47.1278500182488,"Meadow","Sequanian",0.585,11.6,31.68,24.36,15.96,50,76.8
1.543,2.537,6.83945715782953,47.1341481181304,"Meadow","Kimmeridgian",1.563,10.4,45.2,26.72,28.72,52.4,104
2.353,1.274,6.85029117744058,47.1228964159476,"Meadow","Argovian",0.275,4.32,15.4,8.24,4.2,32.56,37.88
1.889,2.462,6.84400514097125,47.1335088060216,"Forest","Kimmeridgian",2.505,10.2,48.4,12.16,31.04,65.2,78.4
2.327,2.417,6.84975365749125,47.1331472530666,"Meadow","Quaternary",1.385,9.68,39.72,58.72,22.6,116.48,123
2.504,1.965,6.85215120379187,47.1291095100235,"Pasture","Kimmeridgian",1.79,10.44,41.84,19.92,25.64,62.36,80.32
2.599,1.996,6.85339092589897,47.1293966687562,"Meadow","Kimmeridgian",2.115,13.16,43.08,61.32,53.2,172.12,133.88
2.561,1.984,6.85289496678636,47.1292853950877,"Pasture","Kimmeridgian",1.63,13.56,51.36,18.08,42.92,63.16,77.4
2.898,1.274,6.8574329595734,47.12294839234,"Meadow","Argovian",2.7,6.52,32.76,15.56,15,38.28,99.6
2.902,1.263,6.85748725618904,47.1228500959897,"Meadow","Argovian",4.495,10.32,39.16,10.24,22.64,32.92,101.68
3.085,1.214,6.8598936751461,47.1224278901399,"Meadow","Sequanian",0.765,7.68,18.52,37.6,11.28,68.4,86.2
3.046,1.205,6.85938415133007,47.1223434613291,"Meadow","Sequanian",0.4,11.16,21.64,9.6,13.36,32.76,44
3.025,1.201,6.85910964864891,47.1223055892039,"Meadow","Sequanian",0.32,5.6,18.52,12.92,7.2,40.2,43.72
2.04,3.153,6.8458648061895,47.1397219866747,"Meadow","Argovian",0.655,5,16.56,17.2,8.24,41.88,51.24
2.234,2.737,6.84847955682381,47.1360089016582,"Pasture","Kimmeridgian",1.11,14.6,39.28,10.28,24.44,47.8,71.12
2.22,2.732,6.8482969158412,47.1359627051362,"Pasture","Kimmeridgian",0.77,12.28,43.48,16,23.88,44.4,62.28
2.224,2.728,6.8483500351908,47.1359272070534,"Pasture","Kimmeridgian",1.205,13.8,46.84,11.36,27.44,41.04,85.52
2.58,2.311,6.85308784634677,47.1322205754492,"Pasture","Kimmeridgian",1.555,8.84,40.16,15.4,23.92,51.24,77.56
2.254,3.045,6.8486886024177,47.1387737410138,"Meadow","Sequanian",0.575,9.68,27.12,31.8,13.2,54.28,66.92
2.656,2.656,6.85402476933381,47.1353226604781,"Meadow","Kimmeridgian",0.525,12.52,26.12,79.2,18,138.56,91.48
3.465,1.393,6.86484285903816,47.1240694936685,"Meadow","Sequanian",0.705,12.52,28.72,48.72,17.6,86.68,96.6
2.553,3.314,6.85256170885227,47.1412154358695,"Meadow","Sequanian",0.99,8.8,38.72,9.28,15.72,38,60.12
2.538,3.314,6.85236507886735,47.1412140029378,"Meadow","Sequanian",1.655,8.96,50.6,31.52,17.32,90.36,81.6
2.402,3.979,6.8504678358523,47.1471663834613,"Meadow","Argovian",0.515,4.08,30.12,13.12,8.2,26.96,43.2
2.456,3.99,6.85117389012023,47.1472702276505,"Meadow","Argovian",0.35,3.272,26.32,11.6,4.92,27.68,37.16
2.537,3.768,6.85227396167716,47.1452865201186,"Meadow","Argovian",0.23,3.792,18.2,8.72,5.68,26.84,32.08
2.584,3.649,6.85291055192133,47.1442235186038,"Meadow","Quaternary",0.305,3.72,18,17.12,5.6,48.4,44.8
3.887,1.663,6.87032739622113,47.126531133533,"Meadow","Kimmeridgian",1.535,15.2,40.72,29.6,32.4,56.8,85.6
4.412,1.088,6.87730393970137,47.1214219214346,"Meadow","Quaternary",1.53,17.72,39.52,17.72,26.4,47.6,80.8
2.795,3.645,6.85567732221578,47.1442077490497,"Meadow","Quaternary",0.3,4.24,17.32,13.4,6.32,37.76,27.12
2.837,3.679,6.85622209739572,47.1445167420865,"Meadow","Quaternary",0.425,5.08,22.72,4.68,8,22.56,31.48
2.832,3.676,6.85615706354171,47.1444893550209,"Meadow","Quaternary",0.36,6.68,26.12,4.44,11.8,18.96,28.92
3.308,2.963,6.86251847266547,47.1381384675691,"Meadow","Quaternary",1.06,17.32,36,28,23.92,50,78.4
3.422,2.851,6.86403179944335,47.1371445166958,"Meadow","Sequanian",0.9,9.52,38.72,49,26.2,70.4,94.8
3.692,2.43,6.86764212511558,47.1333932962754,"Forest","Kimmeridgian",1.61,5,19.4,9.44,8.76,42.8,31.16
4.331,1.449,6.87618196800247,47.1246527911459,"Meadow","Quaternary",0.95,12,29.2,19.6,18.72,37.88,61.2
4.333,1.455,6.87620717074573,47.1247068003084,"Meadow","Quaternary",0.82,10.32,29.8,32.1,16.72,63.2,67.6
4.502,1.167,6.87847006515596,47.1221389350211,"Meadow","Quaternary",0.86,12.12,28.4,12.7,20.12,37.08,61.6
3.228,3.617,6.86135846760338,47.1439976393606,"Meadow","Kimmeridgian",1.835,13.32,47.4,45.92,24,80.4,90
3.768,2.775,6.8685799125044,47.1364952617391,"Forest","Kimmeridgian",0.22,10.8,26.32,6.672,17.52,31.88,45.2
3.768,2.675,6.86859681979262,47.1355982065547,"Forest","Kimmeridgian",1.095,12.12,41.32,6.2,28.8,46.8,56.8
3.798,2.694,6.86898682826963,47.1357714570442,"Forest","Kimmeridgian",0.995,9.68,32.8,5.38,19.12,51.2,54
4.59,1.414,6.87958192579323,47.1243628115198,"Meadow","Kimmeridgian",0.96,11.72,35.2,16.4,21.92,30.76,64.8
4.571,1.407,6.87933410932101,47.1242982608348,"Meadow","Kimmeridgian",1.4,10.72,38.64,15.24,26.4,38.4,70.8
4.745,1.372,6.88162014482879,47.124000356044,"Meadow","Kimmeridgian",0.69,11.96,35.64,16.44,23.68,34.12,66.4
4.788,1.647,6.88213777842844,47.1264712327439,"Meadow","Kimmeridgian",0.72,8.8,34.08,11.4,26.72,32.68,63.2
2.974,4.937,6.85780309398148,47.1558146537629,"Pasture","Argovian",2.26,5.88,36.44,12.64,21.52,36.28,77.6
2.906,4.922,6.85691402724101,47.1556736383898,"Forest","Argovian",1.13,4.32,20.32,5.92,13.2,21.6,32.84
3.109,4.729,6.85960874213761,47.1539615904856,"Meadow","Argovian",0.645,3.124,22.68,8.4,8.88,28.56,42.4
3.04,4.713,6.85870676045944,47.1538115237024,"Meadow","Argovian",0.63,3.668,23.96,7.24,9.36,26,36.64
3.919,3.466,6.87044253568481,47.1427080400727,"Meadow","Quaternary",0.86,9.76,28.4,12.8,17.48,28.6,58.8
4.189,3.045,6.87405278730922,47.1389566230697,"Meadow","Portlandian",1.645,8.08,46.4,35.6,20.32,67.6,90.4
3.652,4.312,6.8667991100748,47.1502720944659,"Forest","Sequanian",3.149,10.72,51.2,8.24,27.72,56,98
3.894,3.805,6.87005756976884,47.1457467146941,"Meadow","Quaternary",0.552,14.32,29,50,20.12,91.2,79.2
3.917,3.773,6.87036449713703,47.1454618081918,"Meadow","Quaternary",1.568,13.56,30.36,18.4,22.28,43.6,71.6
3.925,3.779,6.87046836231918,47.1455163792459,"Meadow","Quaternary",0.855,14.24,29.2,11.4,21,29.68,59.6
4.252,3.292,6.87483709639823,47.1411782097684,"Meadow","Kimmeridgian",0.733,11.8,26,39.2,22.24,65.6,74
4.292,3.29,6.87536178019167,47.1411639865267,"Meadow","Kimmeridgian",2.08,11.92,31.68,71.6,28.64,52.8,110.8
4.283,3.278,6.8752458176232,47.1410555036042,"Meadow","Kimmeridgian",0.844,13.88,37.12,21.04,26.48,34.68,90
3.53,4.999,6.86508299136898,47.1564233690091,"Forest","Argovian",0.49,7.44,34.52,4.64,16.76,31.64,56.8
4.07,4.157,6.87230559152353,47.1489207792002,"Meadow","Sequanian",1.916,14.36,47.6,45.6,28.44,50,90.8
4.61,3.315,6.87952616570845,47.1414177223067,"Forest","Kimmeridgian",1.384,12.68,30.76,7.48,20.72,48,46.8
3.605,5.345,6.86600775134683,47.1595342151085,"Meadow","Sequanian",0.849,9.04,29.48,18.4,17.56,35,58
